Date,Description,Debit,Credit
01/09/2026,Swiggy Food Order,450.00,
03/09/2026,Salary Credit September,,85000.00
05/09/2026,Uber Ride to Office,180.50,
07/09/2026,Amazon Shopping - Electronics,2999.00,
08/09/2026,Netflix Monthly Subscription,649.00,
10/09/2026,Electricity Bill Payment,1850.00,
12/09/2026,Freelance Project Payment,,15000.00
14/09/2026,Zomato Dinner Order,680.00,
15/09/2026,Medical Checkup - Apollo,1200.00,
18/09/2026,Airtel Broadband Recharge,899.00,
20/09/2026,MakeMyTrip Hotel Booking,4500.00,
22/09/2026,Udemy Course Purchase,499.00,
24/09/2026,Interest Credit on FD,,2340.00
25/09/2026,Flipkart Grocery Shopping,1580.00,
28/09/2026,PVR Cinema Tickets,750.00,
30/09/2026,Monthly Spotify Premium,119.00,
