date,amount,type,category,description
2025-10-01,35000.00,income,Salary / Stipend,October Internship Stipend
2025-10-03,4500.00,expense,Food & Dining,Grocery and canteen meals
2025-10-08,1800.00,expense,Transport,Metro Smart Card recharge
2025-10-12,3200.00,expense,Shopping,College accessories
2025-10-18,2500.00,expense,Bills & Utilities,Hostel wifi and mobile
2025-10-24,1400.00,expense,Entertainment,Weekend cinema and outings
2025-10-28,800.00,expense,Subscriptions,Cloud tools
2025-11-01,35000.00,income,Salary / Stipend,November Internship Stipend
2025-11-04,4900.00,expense,Food & Dining,Campus meals and mess fee
2025-11-09,1950.00,expense,Transport,Local commute and bus pass
2025-11-14,3800.00,expense,Shopping,Winter wear
2025-11-19,2600.00,expense,Bills & Utilities,Electricity and phone recharge
2025-11-23,1600.00,expense,Entertainment,Campus festival
2025-11-27,800.00,expense,Subscriptions,Streaming and cloud
2025-12-01,35000.00,income,Salary / Stipend,December Internship Stipend
2025-12-05,5200.00,expense,Food & Dining,Dining with college team
2025-12-10,2100.00,expense,Transport,Uber and metro
2025-12-15,4100.00,expense,Shopping,Semester books
2025-12-20,2700.00,expense,Bills & Utilities,Broadband bill
2025-12-25,2000.00,expense,Entertainment,Year end party
2025-12-29,800.00,expense,Subscriptions,Hosting renewal
2026-01-01,40000.00,income,Salary / Stipend,January Internship Stipend (Incentive)
2026-01-04,5400.00,expense,Food & Dining,Grocery and food ordering
2026-01-09,2200.00,expense,Transport,Monthly metro pass
2026-01-14,4300.00,expense,Shopping,New semester electronics
2026-01-18,2800.00,expense,Bills & Utilities,Utilities and mobile
2026-01-22,2100.00,expense,Entertainment,Outing with peers
2026-01-28,800.00,expense,Subscriptions,Software licenses
2026-02-01,40000.00,income,Salary / Stipend,February Internship Stipend
2026-02-04,5600.00,expense,Food & Dining,College cafeteria and grocery
2026-02-08,2300.00,expense,Transport,Cab rides and commute
2026-02-13,4500.00,expense,Shopping,Technical books and stationery
2026-02-18,2900.00,expense,Bills & Utilities,Internet and room utilities
2026-02-23,2200.00,expense,Entertainment,Hackathon travel snacks
2026-02-27,800.00,expense,Subscriptions,Cloud subscriptions
2026-03-01,40000.00,income,Salary / Stipend,March Internship Stipend
2026-03-05,5800.00,expense,Food & Dining,Meals and food supplies
2026-03-10,2400.00,expense,Transport,Monthly metro recharge
2026-03-15,4700.00,expense,Shopping,College supplies and gadgets
2026-03-20,3000.00,expense,Bills & Utilities,Electricity and phone bill
2026-03-24,2300.00,expense,Entertainment,Weekend gaming and movies
2026-03-28,800.00,expense,Subscriptions,Dev tool subscriptions
2026-04-01,45000.00,income,Salary / Stipend,April Stipend (Promoted Role)
2026-04-04,6100.00,expense,Food & Dining,Mess food and outside dining
2026-04-09,2500.00,expense,Transport,Commute and cabs
2026-04-14,4900.00,expense,Shopping,Lab materials and components
2026-04-19,3100.00,expense,Bills & Utilities,High speed fiber internet
2026-04-24,2400.00,expense,Entertainment,Team lunch
2026-04-28,800.00,expense,Subscriptions,SaaS renewals
2026-05-01,45000.00,income,Salary / Stipend,May Internship Stipend
2026-05-05,6300.00,expense,Food & Dining,Weekly meals and dining
2026-05-10,2600.00,expense,Transport,Metro and rideshare
2026-05-15,5100.00,expense,Shopping,Summer semester shopping
2026-05-20,3200.00,expense,Bills & Utilities,Hostel bills
2026-05-25,2500.00,expense,Entertainment,Movie outings
2026-05-29,800.00,expense,Subscriptions,Cloud server
2026-06-01,45000.00,income,Salary / Stipend,June Internship Stipend
2026-06-04,6500.00,expense,Food & Dining,Food supplies and dining
2026-06-09,2700.00,expense,Transport,City travel
2026-06-14,5300.00,expense,Shopping,College project components
2026-06-19,3300.00,expense,Bills & Utilities,Utilities and broadband
2026-06-24,2600.00,expense,Entertainment,Semester celebration
2026-06-28,800.00,expense,Subscriptions,Dev tool subscriptions
2026-07-01,50000.00,income,Salary / Stipend,July Stipend
2026-07-05,6700.00,expense,Food & Dining,Groceries and cafeteria
2026-07-10,2800.00,expense,Transport,Metro Card and fuel
2026-07-15,5500.00,expense,Shopping,Hardware and coding devices
2026-07-20,3400.00,expense,Bills & Utilities,Hostel utilities
2026-07-25,2700.00,expense,Entertainment,Weekend dinners
2026-07-29,800.00,expense,Subscriptions,Server costs
2026-08-01,50000.00,income,Salary / Stipend,August Stipend
2026-08-04,6900.00,expense,Food & Dining,Food delivery and canteen
2026-08-09,2900.00,expense,Transport,Metro and local bus
2026-08-14,5700.00,expense,Shopping,Books and course certifications
2026-08-19,3500.00,expense,Bills & Utilities,Broadband and electricity
2026-08-24,2800.00,expense,Entertainment,College outing
2026-08-28,800.00,expense,Subscriptions,Cloud subscriptions
2026-09-01,50000.00,income,Salary / Stipend,September Stipend
2026-09-05,7100.00,expense,Food & Dining,Monthly grocery and dining
2026-09-09,3000.00,expense,Transport,Commuter pass
2026-09-14,5900.00,expense,Shopping,CSE supplies
2026-09-19,3600.00,expense,Bills & Utilities,Utilities
2026-09-24,2900.00,expense,Entertainment,Festival celebrations
2026-09-28,800.00,expense,Subscriptions,Cloud hosting
